variance,skewness,curtosis,entropy
3.6216,8.6661,-2.8073,-0.44699
4.5459,8.1674,-2.4586,-1.4621
3.866,-2.6383,1.9242,0.10645
3.4566,9.5228,-4.0112,-3.5944
0.32924,-4.4552,4.5718,-0.9888
4.3684,9.6718,-3.9606,-3.1625
3.5912,3.0129,0.72888,0.56421
2.0922,-6.81,8.4636,-0.60216
3.2032,5.7588,-0.75345,-0.61251
1.5356,9.1772,-2.2718,-0.73535
1.2247,8.7779,-2.2135,-0.80647
-3.7503,-13.4586,17.5932,-2.7771
-3.5637,-8.3827,12.393,-1.2823
-2.5419,-0.65804,2.6842,1.1952
